{
  "borrowData" : {
    "borrow001" : {
      "borrowID" : "001",
      "dateIn" : "3-12-2016",
      "dateOut" : "10-12-2016",
      "itemID" : "item002",
      "userID" : "user002"
    }
  },
    
  "equipData" : {
    "0" : {
      "itemID" : "4110-103-15960002",
      "itemType" : "fridge",
      "purchasedYear" : 1996,
      "price" : 5029,
      "brand" : "Toshiba",
      "model" : "A1200",
      "description" : "4.5 cube",
      "location" : "ICT Office",
      "status" : "available"
    
    },
    "1" : {
      "itemID" : "7440-109-29060001",
      "itemType" : "Notebook",
      "purchasedYear" : 2006,
      "price" : 36663,
      "brand" : "Acer",
      "model" : "Aspire",
      "description" : "Intel Centrino 1.73 GHz",
      "location" : "Linux linpus",
      "status" : "available"
    
    },
    "2" : {
      "itemID" : "7440-109-29070001",
      "itemType" : "Notebook",
      "purchasedYear" : 2007,
      "price" : 34133,
      "brand" : "Lenovo",
      "model" : "Y410",
      "description" : "Intel single 2.0GHz",
      "location" : "Networking Lab",
      "status" : "available"
    
    },
    "3" : {
      "itemID" : "7440-109-29070002",
      "itemType" : "Notebook",
      "purchasedYear" : 2007,
      "price" : 39590,
      "brand" : "Asus",
      "model" : "Zenbook",
      "description" : "Intel single 2.6 GHz",
      "location" : "Networking Lab",
      "status" : "available"
    
    },
    "4" : {
      "itemID" : "7440-109-29080001",
      "itemType" : "Notebook",
      "purchasedYear" : 2008,
      "price" : 33900,
      "brand" : "Fujitsu",
      "model" : "U9200",
      "description" : "Intel 1.8 GHz",
      "location" : "Networking Lab",
      "status" : "available"
    
    },
    "5" : {
      "itemID" : "7440-001-29080001",
      "itemType" : "monitor",
      "purchasedYear" : 2008,
      "price" : 6200,
      "brand" : "LG",
      "model" : "T650",
      "description" : "19 inch",
      "location" : "Yochi's office",
      "status" : "available"
    
    },
    "6" : {
      "itemID" : "7440-117-15020001",
      "itemType" : "server",
      "purchasedYear" : 2002,
      "price" : 47000,
      "brand" : "OA Computer",
      "model" : "EZ4",
      "description" : "2.4 GHz",
      "location" : "Graphic lab",
      "status" : "available"
    
    },
    "7" : {
      "itemID" : "7440-500-29050015",
      "itemType" : "router",
      "purchasedYear" : 2006,
      "price" : 63610,
      "brand" : "Cisco",
      "model" : "2801",
      "description" : "2FE,4slots",
      "location" : "Networking lab",
      "status" : "available"
    
    },
    "8" : {
      "itemID" : "7731-307-15960001",
      "itemType" : "radio",
      "purchasedYear" : 1997,
      "price" : 4500,
      "brand" : "Maxon",
      "model" : "CPU-96",
      "description" : "Black color",
      "location" : "unkonwn",
      "status" : "available"
    
    },
    "9" : {
      "itemID" : "7440-202-15020004",
      "itemType" : "printer",
      "purchasedYear" : 2007,
      "price" : 23900,
      "brand" : "HP",
      "model" : "LaserJet",
      "description" : "600 x 600 dpi",
      "location" : "ICT Office",
      "status" : "available"
    
    }

  },

  "userData" : {
    "user001" : {
      "password" : 12345678,
      "userID" : "001",
      "userName" : "kitti1234"
    },
    "user002" : {
      "password" : "aaa111",
      "userID" : "002",
      "userName" : "spaceangza"
    }
  }
}
